id,realDonaldTrump,HillaryClinton
0,0.958241,0.041759
1,0.4106,0.5894
2,0.315898,0.684102
3,0.681557,0.318443
4,0.525134,0.474866
5,0.210984,0.789016
6,0.945496,0.054504
7,0.788004,0.211996
8,0.155588,0.844412
9,0.917353,0.082647
10,0.725255,0.274745
11,0.831563,0.168437
12,0.154695,0.845305
13,0.931917,0.068083
14,0.52231,0.47769
15,0.056297,0.943703
16,0.159055,0.840945
17,0.367354,0.632646
18,0.870622,0.129378
19,0.204578,0.795422
20,0.306544,0.693456
21,0.021015,0.978985
22,0.942891,0.057109
23,0.209084,0.790916
24,0.032245,0.967755
25,0.990365,0.009635
26,0.640884,0.359116
27,0.113869,0.886131
28,0.218144,0.781856
29,0.797943,0.202057
30,0.304927,0.695073
31,0.132211,0.867789
32,0.254485,0.745515
33,0.376831,0.623169
34,0.050367,0.949633
35,0.799378,0.200622
36,0.814018,0.185982
37,0.81759,0.18241
38,0.45614,0.54386
39,0.95759,0.04241
40,0.527013,0.472987
41,0.620125,0.379875
42,0.847205,0.152795
43,0.000647,0.999353
44,0.49806,0.50194
45,0.38566,0.61434
46,0.53511,0.46489
47,0.107002,0.892998
48,0.899329,0.100671
49,0.153869,0.846131
50,0.469472,0.530528
51,0.640732,0.359268
52,0.43945,0.56055
53,0.15958,0.84042
54,0.545265,0.454735
55,0.158665,0.841335
56,0.089585,0.910415
57,0.995211,0.004789
58,0.328513,0.671487
59,0.273022,0.726978
60,0.03942,0.96058
61,0.955058,0.044942
62,0.184026,0.815974
63,0.323721,0.676279
64,0.002412,0.997588
65,0.995484,0.004516
66,0.038756,0.961244
67,0.77097,0.22903
68,0.40742,0.59258
69,0.155641,0.844359
70,0.545325,0.454675
71,0.204887,0.795113
72,0.923463,0.076537
73,0.290474,0.709526
74,0.898513,0.101487
75,0.952836,0.047164
76,0.085428,0.914572
77,0.381008,0.618992
78,0.415375,0.584625
79,0.86117,0.13883
80,0.741473,0.258527
81,0.927081,0.072919
82,0.347813,0.652187
83,0.478326,0.521674
84,0.328607,0.671393
85,0.881571,0.118429
86,0.303658,0.696342
87,0.665272,0.334728
88,0.467974,0.532026
89,0.875725,0.124275
90,0.010891,0.989109
91,0.07326,0.92674
92,0.747728,0.252272
93,0.719625,0.280375
94,0.70027,0.29973
95,0.062249,0.937751
96,0.802518,0.197482
97,0.134949,0.865051
98,0.753854,0.246146
99,0.572388,0.427612
100,0.683429,0.316571
101,0.326397,0.673603
102,0.503294,0.496706
103,0.675892,0.324108
104,0.882445,0.117555
105,0.39162,0.60838
106,0.969496,0.030504
107,0.803939,0.196061
108,0.770014,0.229986
109,0.11872,0.88128
110,0.048872,0.951128
111,0.536571,0.463429
112,0.587442,0.412558
113,0.834168,0.165832
114,0.73567,0.26433
115,0.568124,0.431876
116,0.266742,0.733258
117,0.744687,0.255313
118,0.256309,0.743691
119,0.520228,0.479772
120,0.794136,0.205864
121,0.072099,0.927901
122,0.308893,0.691107
123,0.35617,0.64383
124,0.915637,0.084363
125,0.440434,0.559566
126,0.181846,0.818154
127,0.136266,0.863734
128,0.290726,0.709274
129,0.124702,0.875298
130,0.123465,0.876535
131,0.894962,0.105038
132,0.275268,0.724732
133,0.016004,0.983996
134,0.732974,0.267026
135,0.309846,0.690154
136,0.485877,0.514123
137,0.968318,0.031682
138,0.785383,0.214617
139,0.773007,0.226993
140,0.092591,0.907409
141,0.194015,0.805985
142,0.11837,0.88163
143,0.403284,0.596716
144,0.8569,0.1431
145,0.531208,0.468792
146,0.415443,0.584557
147,0.769699,0.230301
148,0.573342,0.426658
149,0.194816,0.805184
150,0.193607,0.806393
151,0.359643,0.640357
152,0.716441,0.283559
153,0.415548,0.584452
154,0.640629,0.359371
155,0.958925,0.041075
156,0.604109,0.395891
157,0.447574,0.552426
158,0.218718,0.781282
159,0.231805,0.768195
160,0.170668,0.829332
161,0.390805,0.609195
162,0.289476,0.710524
163,0.948365,0.051635
164,0.296805,0.703195
165,0.113791,0.886209
166,0.73727,0.26273
167,0.620883,0.379117
168,0.473036,0.526964
169,0.604277,0.395723
170,0.390733,0.609267
171,0.115375,0.884625
172,0.789481,0.210519
173,0.990535,0.009465
174,0.497905,0.502095
175,0.492302,0.507698
176,0.771022,0.228978
177,0.386321,0.613679
178,0.479283,0.520717
179,0.513307,0.486693
180,0.750209,0.249791
181,0.245257,0.754743
182,0.382631,0.617369
183,0.740795,0.259205
184,0.359062,0.640938
185,0.328135,0.671865
186,0.620523,0.379477
187,0.359834,0.640166
188,0.373229,0.626771
189,0.913831,0.086169
190,0.311286,0.688714
191,0.169578,0.830422
192,0.006789,0.993211
193,0.718349,0.281651
194,0.530744,0.469256
195,0.051514,0.948486
196,0.68475,0.31525
197,0.313683,0.686317
198,0.389704,0.610296
199,0.700133,0.299867
200,0.591366,0.408634
201,0.496208,0.503792
202,0.427319,0.572681
203,0.45625,0.54375
204,0.175306,0.824694
205,0.978163,0.021837
206,0.183383,0.816617
207,0.035908,0.964092
208,0.59046,0.40954
209,0.239178,0.760822
210,0.834263,0.165737
211,0.553242,0.446758
212,0.390827,0.609173
213,0.122814,0.877186
214,0.778574,0.221426
215,0.488084,0.511916
216,0.10745,0.89255
217,0.204883,0.795117
218,0.238501,0.761499
219,0.383411,0.616589
220,0.60903,0.39097
221,0.404696,0.595304
222,0.261061,0.738939
223,0.798929,0.201071
224,0.275365,0.724635
225,0.624457,0.375543
226,0.235953,0.764047
227,0.798508,0.201492
228,0.190447,0.809553
229,0.34954,0.65046
230,0.145995,0.854005
231,0.967202,0.032798
232,0.37275,0.62725
233,0.816748,0.183252
234,0.079401,0.920599
235,0.656161,0.343839
236,0.886237,0.113763
237,0.279602,0.720398
238,0.546851,0.453149
239,0.12796,0.87204
240,0.405933,0.594067
241,0.398683,0.601317
242,0.164793,0.835207
243,0.716196,0.283804
244,0.367224,0.632776
245,0.370896,0.629104
246,0.175254,0.824746
247,0.685485,0.314515
248,0.897918,0.102082
249,0.212073,0.787927
250,0.288786,0.711214
251,0.651997,0.348003
252,0.74343,0.25657
253,0.745111,0.254889
254,0.391547,0.608453
255,0.750652,0.249348
256,0.684127,0.315873
257,0.656149,0.343851
258,0.511148,0.488852
259,0.000053,0.999947
260,0.867951,0.132049
261,0.806925,0.193075
262,0.705918,0.294082
263,0.61271,0.38729
264,0.852979,0.147021
265,0.117715,0.882285
266,0.445246,0.554754
267,0.819566,0.180434
268,0.573135,0.426865
269,0.471737,0.528263
270,0.406491,0.593509
271,0.600623,0.399377
272,0.691417,0.308583
273,0.096737,0.903263
274,0.105246,0.894754
275,0.794211,0.205789
276,0.106781,0.893219
277,0.233897,0.766103
278,0.949727,0.050273
279,0.160841,0.839159
280,0.935199,0.064801
281,0.458784,0.541216
282,0.035462,0.964538
283,0.7616,0.2384
284,0.740773,0.259227
285,0.524755,0.475245
286,0.560905,0.439095
287,0.521539,0.478461
288,0.636693,0.363307
289,0.066838,0.933162
290,0.519476,0.480524
291,0.535601,0.464399
292,0.22241,0.77759
293,0.569033,0.430967
294,0.12786,0.87214
295,0.191125,0.808875
296,0.302138,0.697862
297,0.231676,0.768324
298,0.608493,0.391507
299,0.231729,0.768271
300,0.825613,0.174387
301,0.135426,0.864574
302,0.622495,0.377505
303,0.254589,0.745411
304,0.260064,0.739936
305,0.478443,0.521557
306,0.797511,0.202489
307,0.963317,0.036683
308,0.451923,0.548077
309,0.021173,0.978827
310,0.966353,0.033647
311,0.134085,0.865915
312,0.118096,0.881904
313,0.069929,0.930071
314,0.94367,0.05633
315,0.985412,0.014588
316,0.357473,0.642527
317,0.306758,0.693242
318,0.3775,0.6225
319,0.352665,0.647335
320,0.34492,0.65508
321,0.588892,0.411108
322,0.279484,0.720516
323,0.789526,0.210474
324,0.160528,0.839472
325,0.271709,0.728291
326,0.503715,0.496285
327,0.816105,0.183895
328,0.091354,0.908646
329,0.18319,0.81681
330,0.717497,0.282503
331,0.532146,0.467854
332,0.888477,0.111523
333,0.906895,0.093105
334,0.725011,0.274989
335,0.482221,0.517779
336,0.631278,0.368722
337,0.488167,0.511833
338,0.122928,0.877072
339,0.323935,0.676065
340,0.701395,0.298605
341,0.075153,0.924847
342,0.595636,0.404364
343,0.127722,0.872278
344,0.008063,0.991937
345,0.634137,0.365863
346,0.787087,0.212913
347,0.492463,0.507537
348,0.637093,0.362907
349,0.087127,0.912873
350,0.844309,0.155691
351,0.850923,0.149077
352,0.302357,0.697643
353,0.948033,0.051967
354,0.97351,0.02649
355,0.927046,0.072954
356,0.860483,0.139517
357,0.577242,0.422758
358,0.621348,0.378652
359,0.31841,0.68159
360,0.103386,0.896614
361,0.55364,0.44636
362,0.636535,0.363465
363,0.304892,0.695108
364,0.523173,0.476827
365,0.537325,0.462675
366,0.641511,0.358489
367,0.969754,0.030246
368,0.601844,0.398156
369,0.371887,0.628113
370,0.067592,0.932408
371,0.760052,0.239948
372,0.712461,0.287539
373,0.115439,0.884561
374,0.141996,0.858004
375,0.426054,0.573946
376,0.13448,0.86552
377,0.378304,0.621696
378,0.174554,0.825446
379,0.066923,0.933077
380,0.950001,0.049999
381,0.459695,0.540305
382,0.804046,0.195954
383,0.132212,0.867788
384,0.319146,0.680854
385,0.188124,0.811876
386,0.159305,0.840695
387,0.337531,0.662469
388,0.94842,0.05158
389,0.754868,0.245132
390,0.453155,0.546845
391,0.639671,0.360329
392,0.102257,0.897743
393,0.907432,0.092568
394,0.284156,0.715844
395,0.870033,0.129967
396,0.809225,0.190775
397,0.382349,0.617651
398,0.560064,0.439936
399,0.110014,0.889986
400,0.312903,0.687097
401,0.330644,0.669356
402,0.157589,0.842411
403,0.635347,0.364653
404,0.290849,0.709151
405,0.684433,0.315567
406,0.92625,0.07375
407,0.359572,0.640428
408,0.604606,0.395394
409,0.35196,0.64804
410,0.353966,0.646034
411,0.425699,0.574301
412,0.222162,0.777838
413,0.45421,0.54579
414,0.415507,0.584493
415,0.653626,0.346374
416,0.688143,0.311857
417,0.400025,0.599975
418,0.511685,0.488315
419,0.783745,0.216255
420,0.029401,0.970599
421,0.275155,0.724845
422,0.062096,0.937904
423,0.752331,0.247669
424,0.709577,0.290423
425,0.863744,0.136256
426,0.618352,0.381648
427,0.860149,0.139851
428,0.016782,0.983218
429,0.009077,0.990923
430,0.290156,0.709844
431,0.01767,0.98233
432,0.827485,0.172515
433,0.974356,0.025644
434,0.886375,0.113625
435,0.510496,0.489504
436,0.509942,0.490058
437,0.697331,0.302669
438,0.589643,0.410357
439,0.86633,0.13367
440,0.170423,0.829577
441,0.250804,0.749196
442,0.041656,0.958344
443,0.246758,0.753242
444,0.058378,0.941622
445,0.019645,0.980355
446,0.256399,0.743601
447,0.716169,0.283831
448,0.977696,0.022304
449,0.652345,0.347655
450,0.302303,0.697697
451,0.864742,0.135258
452,0.857647,0.142353
453,0.232503,0.767497
454,0.223639,0.776361
455,0.261385,0.738615
456,0.96087,0.03913
457,0.13744,0.86256
458,0.058729,0.941271
459,0.570921,0.429079
460,0.628275,0.371725
461,0.181633,0.818367
462,0.023382,0.976618
463,0.277913,0.722087
464,0.376879,0.623121
465,0.348989,0.651011
466,0.018191,0.981809
467,0.793116,0.206884
468,0.124859,0.875141
469,0.01373,0.98627
470,0.077159,0.922841
471,0.649666,0.350334
472,0.593033,0.406967
473,0.736035,0.263965
474,0.827898,0.172102
475,0.677488,0.322512
476,0.987604,0.012396
477,0.617722,0.382278
478,0.556198,0.443802
479,0.730791,0.269209
480,0.078819,0.921181
481,0.384019,0.615981
482,0.981577,0.018423
483,0.714389,0.285611
484,0.385381,0.614619
485,0.826549,0.173451
486,0.506882,0.493118
487,0.926836,0.073164
488,0.384165,0.615835
489,0.597239,0.402761
490,0.644412,0.355588
491,0.224515,0.775485
492,0.490476,0.509524
493,0.357851,0.642149
494,0.166094,0.833906
495,0.247791,0.752209
496,0.264709,0.735291
497,0.804899,0.195101
498,0.154463,0.845537
499,0.426287,0.573713
500,0.591187,0.408813
501,0.805133,0.194867
502,0.297851,0.702149
503,0.082485,0.917515
504,0.998985,0.001015
505,0.169076,0.830924
506,0.46877,0.53123
507,0.867691,0.132309
508,0.416371,0.583629
509,0.478409,0.521591
510,0.867596,0.132404
511,0.304822,0.695178
512,0.094041,0.905959
513,0.345095,0.654905
514,0.61273,0.38727
515,0.618145,0.381855
516,0.934845,0.065155
517,0.139943,0.860057
518,0.251941,0.748059
519,0.329517,0.670483
520,0.746693,0.253307
521,0.723664,0.276336
522,0.574958,0.425042
523,0.668334,0.331666
524,0.208152,0.791848
525,0.340782,0.659218
526,0.866271,0.133729
527,0.264118,0.735882
528,0.440765,0.559235
529,0.792357,0.207643
530,0.216366,0.783634
531,0.235534,0.764466
532,0.366905,0.633095
533,0.07462,0.92538
534,0.775384,0.224616
535,0.834294,0.165706
536,0.627798,0.372202
537,0.403617,0.596383
538,0.982015,0.017985
539,0.227388,0.772612
540,0.032788,0.967212
541,0.314821,0.685179
542,0.767567,0.232433
543,0.136586,0.863414
544,0.754478,0.245522
545,0.824225,0.175775
546,0.028792,0.971208
547,0.671815,0.328185
548,0.305083,0.694917
549,0.071468,0.928532
550,0.935998,0.064002
551,0.178787,0.821213
552,0.813884,0.186116
553,0.706663,0.293337
554,0.347887,0.652113
555,0.124629,0.875371
556,0.378334,0.621666
557,0.654741,0.345259
558,0.76098,0.23902
559,0.547797,0.452203
560,0.061866,0.938134
561,0.809108,0.190892
562,0.713313,0.286687
563,0.267102,0.732898
564,0.981556,0.018444
565,0.510741,0.489259
566,0.495616,0.504384
567,0.535935,0.464065
568,0.94436,0.05564
569,0.351028,0.648972
570,0.674295,0.325705
571,0.977254,0.022746
572,0.040386,0.959614
573,0.226305,0.773695
574,0.083748,0.916252
575,0.215982,0.784018
576,0.049788,0.950212
577,0.088656,0.911344
578,0.714576,0.285424
579,0.988822,0.011178
580,0.838059,0.161941
581,0.474666,0.525334
582,0.395356,0.604644
583,0.850858,0.149142
584,0.066414,0.933586
585,0.769893,0.230107
586,0.848841,0.151159
587,0.469787,0.530213
588,0.721447,0.278553
589,0.435348,0.564652
590,0.873649,0.126351
591,0.343138,0.656862
592,0.022826,0.977174
593,0.351856,0.648144
594,0.351769,0.648231
595,0.606529,0.393471
596,0.861135,0.138865
597,0.427021,0.572979
598,0.863172,0.136828
599,0.918605,0.081395
600,0.989344,0.010656
601,0.383398,0.616602
602,0.355001,0.644999
603,0.307537,0.692463
604,0.800013,0.199987
605,0.131973,0.868027
606,0.739625,0.260375
607,0.917685,0.082315
608,0.358767,0.641233
609,0.554077,0.445923
610,0.353122,0.646878
611,0.003126,0.996874
612,0.668011,0.331989
613,0.602163,0.397837
614,0.136172,0.863828
615,0.72789,0.27211
616,0.651359,0.348641
617,0.39411,0.60589
618,0.257844,0.742156
619,0.402463,0.597537
620,0.207925,0.792075
621,0.320712,0.679288
622,0.200256,0.799744
623,0.760353,0.239647
624,0.657231,0.342769
625,0.723322,0.276678
626,0.96968,0.03032
627,0.918649,0.081351
628,0.349691,0.650309
629,0.155052,0.844948
630,0.335152,0.664848
631,0.428909,0.571091
632,0.74226,0.25774
633,0.70988,0.29012
634,0.342277,0.657723
635,0.934383,0.065617
636,0.574127,0.425873
637,0.055096,0.944904
638,0.373952,0.626048
639,0.248547,0.751453
640,0.860806,0.139194
641,0.913434,0.086566
642,0.435935,0.564065
643,0.049623,0.950377
644,0.960471,0.039529
645,0.008376,0.991624
646,0.845569,0.154431
647,0.422849,0.577151
648,0.497015,0.502985
649,0.387778,0.612222
650,0.392035,0.607965
651,0.520277,0.479723
652,0.138427,0.861573
653,0.723788,0.276212
654,0.657719,0.342281
655,0.212035,0.787965
656,0.297263,0.702737
657,0.310772,0.689228
658,0.90943,0.09057
659,0.981045,0.018955
660,0.188919,0.811081
661,0.377433,0.622567
662,0.354097,0.645903
663,0.883538,0.116462
664,0.004411,0.995589
665,0.918527,0.081473
666,0.05831,0.94169
667,0.474516,0.525484
668,0.48856,0.51144
669,0.012494,0.987506
670,0.507611,0.492389
671,0.12067,0.87933
672,0.408399,0.591601
673,0.268395,0.731605
674,0.630037,0.369963
675,0.233716,0.766284
676,0.575586,0.424414
677,0.706803,0.293197
678,0.090116,0.909884
679,0.848748,0.151252
680,0.773055,0.226945
681,0.358031,0.641969
682,0.288335,0.711665
683,0.780236,0.219764
684,0.301848,0.698152
685,0.265699,0.734301
686,0.438494,0.561506
687,0.244865,0.755135
688,0.411759,0.588241
689,0.239814,0.760186
690,0.204286,0.795714
691,0.32916,0.67084
692,0.968657,0.031343
693,0.097942,0.902058
694,0.802187,0.197813
695,0.841696,0.158304
696,0.223996,0.776004
697,0.744815,0.255185
698,0.700776,0.299224
699,0.682661,0.317339
700,0.47255,0.52745
701,0.807616,0.192384
702,0.767073,0.232927
703,0.555208,0.444792
704,0.704324,0.295676
705,0.29261,0.70739
706,0.517834,0.482166
707,0.058417,0.941583
708,0.062103,0.937897
709,0.898293,0.101707
710,0.078596,0.921404
711,0.697104,0.302896
712,0.832754,0.167246
713,0.776875,0.223125
714,0.9917,0.0083
715,0.951343,0.048657
716,0.29527,0.70473
717,0.016318,0.983682
718,0.422614,0.577386
719,0.72318,0.27682
720,0.416248,0.583752
721,0.976755,0.023245
722,0.574577,0.425423
723,0.142479,0.857521
724,0.632314,0.367686
725,0.117952,0.882048
726,0.759976,0.240024
727,0.515865,0.484135
728,0.590198,0.409802
729,0.840289,0.159711
730,0.936188,0.063812
731,0.276084,0.723916
732,0.163679,0.836321
733,0.631176,0.368824
734,0.987486,0.012514
735,0.544855,0.455145
736,0.795307,0.204693
737,0.986069,0.013931
738,0.427363,0.572637
739,0.553484,0.446516
740,0.712849,0.287151
741,0.794334,0.205666
742,0.675663,0.324337
743,0.840488,0.159512
744,0.954065,0.045935
745,0.291573,0.708427
746,0.486508,0.513492
747,0.293392,0.706608
748,0.72363,0.27637
749,0.992003,0.007997
750,0.847213,0.152787
751,0.738182,0.261818
752,0.970935,0.029065
753,0.467225,0.532775
754,0.592949,0.407051
755,0.975236,0.024764
756,0.743994,0.256006
757,0.072588,0.927412
758,0.029655,0.970345
759,0.506906,0.493094
760,0.71198,0.28802
761,0.580856,0.419144
762,0.548347,0.451653
763,0.116223,0.883777
764,0.880545,0.119455
765,0.540064,0.459936
766,0.044005,0.955995
767,0.712735,0.287265
768,0.03674,0.96326
769,0.041797,0.958203
770,0.469341,0.530659
771,0.822503,0.177497
772,0.658798,0.341202
773,0.556059,0.443941
774,0.890662,0.109338
775,0.169956,0.830044
776,0.47956,0.52044
777,0.95583,0.04417
778,0.971141,0.028859
779,0.31285,0.68715
780,0.629649,0.370351
781,0.127582,0.872418
782,0.068501,0.931499
783,0.645549,0.354451
784,0.620094,0.379906
785,0.726445,0.273555
786,0.604713,0.395287
787,0.03598,0.96402
788,0.018528,0.981472
789,0.249454,0.750546
790,0.197796,0.802204
791,0.822801,0.177199
792,0.95213,0.04787
793,0.824892,0.175108
794,0.020053,0.979947
795,0.473994,0.526006
796,0.155621,0.844379
797,0.022745,0.977255
798,0.489198,0.510802
799,0.3308,0.6692
800,0.422235,0.577765
801,0.856294,0.143706
802,0.6954,0.3046
803,0.172848,0.827152
804,0.690609,0.309391
805,0.447599,0.552401
806,0.41936,0.58064
807,0.207577,0.792423
808,0.906321,0.093679
809,0.531435,0.468565
810,0.046175,0.953825
811,0.588093,0.411907
812,0.610665,0.389335
813,0.419552,0.580448
814,0.75747,0.24253
815,0.035622,0.964378
816,0.669619,0.330381
817,0.316215,0.683785
818,0.696133,0.303867
819,0.606216,0.393784
820,0.430436,0.569564
821,0.267108,0.732892
822,0.178633,0.821367
823,0.22654,0.77346
824,0.975276,0.024724
825,0.32607,0.67393
826,0.000689,0.999311
827,0.684021,0.315979
828,0.882686,0.117314
829,0.113546,0.886454
830,0.02903,0.97097
831,0.127832,0.872168
832,0.402605,0.597395
833,0.936934,0.063066
834,0.025304,0.974696
835,0.080859,0.919141
836,0.737583,0.262417
837,0.502398,0.497602
838,0.083811,0.916189
839,0.821537,0.178463
840,0.393179,0.606821
841,0.872834,0.127166
842,0.316294,0.683706
843,0.507606,0.492394
844,0.855486,0.144514
845,0.258869,0.741131
846,0.39614,0.60386
847,0.695098,0.304902
848,0.176302,0.823698
849,0.519806,0.480194
850,0.63303,0.36697
851,0.144684,0.855316
852,0.423562,0.576438
853,0.877912,0.122088
854,0.513793,0.486207
855,0.694786,0.305214
856,0.73894,0.26106
857,0.421291,0.578709
858,0.65384,0.34616
859,0.913026,0.086974
860,0.293643,0.706357
861,0.923078,0.076922
862,0.696553,0.303447
863,0.203328,0.796672
864,0.791231,0.208769
865,0.013599,0.986401
866,0.225516,0.774484
867,0.151958,0.848042
868,0.563504,0.436496
869,0.412135,0.587865
870,0.849202,0.150798
871,0.390089,0.609911
872,0.409342,0.590658
873,0.782624,0.217376
874,0.241291,0.758709
875,0.756681,0.243319
876,0.726775,0.273225
877,0.604303,0.395697
878,0.413713,0.586287
879,0.890121,0.109879
880,0.800209,0.199791
881,0.311062,0.688938
882,0.289416,0.710584
883,0.079208,0.920792
884,0.697594,0.302406
885,0.465589,0.534411
886,0.872214,0.127786
887,0.167496,0.832504
888,0.48013,0.51987
889,0.115043,0.884957
890,0.256858,0.743142
891,0.631959,0.368041
892,0.15867,0.84133
893,0.430028,0.569972
894,0.836622,0.163378
895,0.137165,0.862835
896,0.119284,0.880716
897,0.078478,0.921522
898,0.356178,0.643822
899,0.083816,0.916184
900,0.099494,0.900506
901,0.587665,0.412335
902,0.239265,0.760735
903,0.156611,0.843389
904,0.931887,0.068113
905,0.06913,0.93087
906,0.886198,0.113802
907,0.473764,0.526236
908,0.196727,0.803273
909,0.460171,0.539829
910,0.085343,0.914657
911,0.469977,0.530023
912,0.455194,0.544806
913,0.865078,0.134922
914,0.741803,0.258197
915,0.289503,0.710497
916,0.38565,0.61435
917,0.752372,0.247628
918,0.625966,0.374034
919,0.40169,0.59831
920,0.365965,0.634035
921,0.507342,0.492658
922,0.822912,0.177088
923,0.452734,0.547266
924,0.395666,0.604334
925,0.065092,0.934908
926,0.195305,0.804695
927,0.630864,0.369136
928,0.998152,0.001848
929,0.217044,0.782956
930,0.166986,0.833014
931,0.442176,0.557824
932,0.675793,0.324207
933,0.51075,0.48925
934,0.883683,0.116317
935,0.456532,0.543468
936,0.39346,0.60654
937,0.627196,0.372804
938,0.762769,0.237231
939,0.807443,0.192557
940,0.730887,0.269113
941,0.034973,0.965027
942,0.878539,0.121461
943,0.868909,0.131091
944,0.211515,0.788485
945,0.075286,0.924714
946,0.510709,0.489291
947,0.78936,0.21064
948,0.53876,0.46124
949,0.29399,0.70601
950,0.541509,0.458491
951,0.143934,0.856066
952,0.623166,0.376834
953,0.271783,0.728217
954,0.246479,0.753521
955,0.873374,0.126626
956,0.521719,0.478281
957,0.605291,0.394709
958,0.43229,0.56771
959,0.560462,0.439538
960,0.287005,0.712995
961,0.21626,0.78374
962,0.228374,0.771626
963,0.885113,0.114887
964,0.569115,0.430885
965,0.752216,0.247784
966,0.104145,0.895855
967,0.544472,0.455528
968,0.634653,0.365347
969,0.900906,0.099094
970,0.910701,0.089299
971,0.030792,0.969208
972,0.151259,0.848741
973,0.005352,0.994648
974,0.95971,0.04029
975,0.171657,0.828343
976,0.49722,0.50278
977,0.687341,0.312659
978,0.617694,0.382306
979,0.234065,0.765935
980,0.861499,0.138501
981,0.909938,0.090062
982,0.68366,0.31634
983,0.969059,0.030941
984,0.927846,0.072154
985,0.914992,0.085008
986,0.735814,0.264186
987,0.171719,0.828281
988,0.642032,0.357968
989,0.274507,0.725493
990,0.773545,0.226455
991,0.302725,0.697275
992,0.455511,0.544489
993,0.945251,0.054749
994,0.997183,0.002817
995,0.839066,0.160934
996,0.722519,0.277481
997,0.426257,0.573743
998,0.821125,0.178875
999,0.581652,0.418348
1000,0.187836,0.812164
1001,0.124678,0.875322
1002,0.142409,0.857591
1003,0.163956,0.836044
1004,0.336624,0.663376
1005,0.083527,0.916473
1006,0.274517,0.725483
1007,0.367316,0.632684
1008,0.644023,0.355977
1009,0.29306,0.70694
1010,0.496911,0.503089
1011,0.549977,0.450023
1012,0.474958,0.525042
1013,0.445495,0.554505
1014,0.199179,0.800821
1015,0.957395,0.042605
1016,0.706516,0.293484
1017,0.067606,0.932394
1018,0.684345,0.315655
1019,0.476649,0.523351
1020,0.37267,0.62733
1021,0.46389,0.53611
1022,0.001683,0.998317
1023,0.259522,0.740478
1024,0.03291,0.96709
1025,0.156256,0.843744
1026,0.126305,0.873695
1027,0.037396,0.962604
1028,0.2776,0.7224
1029,0.179892,0.820108
1030,0.607198,0.392802
1031,0.863553,0.136447
1032,0.34013,0.65987
1033,0.449808,0.550192
1034,0.807719,0.192281
1035,0.077876,0.922124
1036,0.103507,0.896493
1037,0.936126,0.063874
1038,0.402252,0.597748
1039,0.862046,0.137954
1040,0.964874,0.035126
1041,0.893745,0.106255
1042,0.421693,0.578307
1043,0.535211,0.464789
1044,0.231163,0.768837
1045,0.045914,0.954086
1046,0.637379,0.362621
1047,0.141437,0.858563
1048,0.048626,0.951374
1049,0.121472,0.878528
1050,0.591446,0.408554
1051,0.608407,0.391593
1052,0.898819,0.101181
1053,0.445393,0.554607
1054,0.892136,0.107864
1055,0.556788,0.443212
1056,0.630183,0.369817
1057,0.836264,0.163736
1058,0.648912,0.351088
1059,0.472792,0.527208
1060,0.044539,0.955461
1061,0.479578,0.520422
1062,0.782816,0.217184
1063,0.337289,0.662711
1064,0.372634,0.627366
1065,0.97866,0.02134
1066,0.531604,0.468396
1067,0.055143,0.944857
1068,0.229837,0.770163
1069,0.471279,0.528721
1070,0.202358,0.797642
1071,0.313097,0.686903
1072,0.342563,0.657437
1073,0.161534,0.838466
1074,0.703901,0.296099
1075,0.871104,0.128896
1076,0.705079,0.294921
1077,0.278762,0.721238
1078,0.857401,0.142599
1079,0.162436,0.837564
1080,0.492933,0.507067
1081,0.960169,0.039831
1082,0.377686,0.622314
1083,0.765817,0.234183
1084,0.149853,0.850147
1085,0.937532,0.062468
1086,0.517217,0.482783
1087,0.139174,0.860826
1088,0.266944,0.733056
1089,0.904691,0.095309
1090,0.012298,0.987702
1091,0.938325,0.061675
1092,0.855162,0.144838
1093,0.966537,0.033463
1094,0.159676,0.840324
1095,0.432953,0.567047
1096,0.556987,0.443013
1097,0.894844,0.105156
1098,0.823317,0.176683
1099,0.085473,0.914527
1100,0.173671,0.826329
1101,0.748119,0.251881
1102,0.416793,0.583207
1103,0.447693,0.552307
1104,0.735405,0.264595
1105,0.218013,0.781987
1106,0.629889,0.370111
1107,0.72182,0.27818
1108,0.854618,0.145382
1109,0.378658,0.621342
1110,0.667992,0.332008
1111,0.060421,0.939579
1112,0.525865,0.474135
1113,0.099107,0.900893
1114,0.395622,0.604378
1115,0.137335,0.862665
1116,0.853863,0.146137
1117,0.311249,0.688751
1118,0.124186,0.875814
1119,0.143688,0.856312
1120,0.673596,0.326404
1121,0.404546,0.595454
1122,0.221083,0.778917
1123,0.53053,0.46947
1124,0.146827,0.853173
1125,0.210408,0.789592
1126,0.773925,0.226075
1127,0.240344,0.759656
1128,0.407122,0.592878
1129,0.28557,0.71443
1130,0.390341,0.609659
1131,0.178868,0.821132
1132,0.374799,0.625201
1133,0.411229,0.588771
1134,0.405108,0.594892
1135,0.471808,0.528192
1136,0.568575,0.431425
1137,0.233454,0.766546
1138,0.500652,0.499348
1139,0.165606,0.834394
1140,0.806695,0.193305
1141,0.567648,0.432352
1142,0.134382,0.865618
1143,0.166499,0.833501
1144,0.740122,0.259878
1145,0.336714,0.663286
1146,0.440953,0.559047
1147,0.895745,0.104255
1148,0.476843,0.523157
1149,0.755874,0.244126
1150,0.060032,0.939968
1151,0.210905,0.789095
1152,0.267604,0.732396
1153,0.851411,0.148589
1154,0.24172,0.75828
1155,0.822719,0.177281
1156,0.358035,0.641965
1157,0.13969,0.86031
1158,0.420936,0.579064
1159,0.224592,0.775408
1160,0.568354,0.431646
1161,0.056488,0.943512
1162,0.191507,0.808493
1163,0.405119,0.594881
1164,0.207631,0.792369
1165,0.189067,0.810933
1166,0.903184,0.096816
1167,0.167328,0.832672
1168,0.676535,0.323465
1169,0.430526,0.569474
1170,0.636705,0.363295
1171,0.847557,0.152443
1172,0.427083,0.572917
1173,0.446358,0.553642
1174,0.928407,0.071593
1175,0.04159,0.95841
1176,0.252194,0.747806
1177,0.081367,0.918633
1178,0.343051,0.656949
1179,0.827847,0.172153
1180,0.529047,0.470953
1181,0.618923,0.381077
1182,0.556621,0.443379
1183,0.431562,0.568438
1184,0.218461,0.781539
1185,0.577253,0.422747
1186,0.336543,0.663457
1187,0.820283,0.179717
1188,0.595933,0.404067
1189,0.285864,0.714136
1190,0.671994,0.328006
1191,0.684408,0.315592
1192,0.768548,0.231452
1193,0.791325,0.208675
1194,0.982766,0.017234
1195,0.75193,0.24807
1196,0.48257,0.51743
1197,0.147904,0.852096
1198,0.051878,0.948122
1199,0.714255,0.285745
1200,0.478534,0.521466
1201,0.64103,0.35897
1202,0.346297,0.653703
1203,0.163255,0.836745
1204,0.528204,0.471796
1205,0.057884,0.942116
1206,0.535235,0.464765
1207,0.146243,0.853757
1208,0.733658,0.266342
1209,0.676795,0.323205
1210,0.62372,0.37628
1211,0.337899,0.662101
1212,0.478733,0.521267
1213,0.113043,0.886957
1214,0.365627,0.634373
1215,0.212671,0.787329
1216,0.875567,0.124433
1217,0.176198,0.823802
1218,0.880051,0.119949
1219,0.788232,0.211768
1220,0.417931,0.582069
1221,0.536329,0.463671
1222,0.674911,0.325089
1223,0.381712,0.618288
1224,0.099223,0.900777
1225,0.895454,0.104546
1226,0.814015,0.185985
1227,0.514513,0.485487
1228,0.568957,0.431043
1229,0.071406,0.928594
1230,0.997267,0.002733
1231,0.312699,0.687301
1232,0.780467,0.219533
1233,0.458138,0.541862
1234,0.634731,0.365269
1235,0.331081,0.668919
1236,0.057259,0.942741
1237,0.289251,0.710749
1238,0.922269,0.077731
1239,0.200569,0.799431
1240,0.631104,0.368896
1241,0.213191,0.786809
1242,0.503599,0.496401
1243,0.340042,0.659958
1244,0.551645,0.448355
1245,0.2518,0.7482
1246,0.819716,0.180284
1247,0.342321,0.657679
1248,0.84838,0.15162
1249,0.188364,0.811636
1250,0.708642,0.291358
1251,0.789093,0.210907
1252,0.709642,0.290358
1253,0.643369,0.356631
1254,0.485087,0.514913
1255,0.404486,0.595514
1256,0.009011,0.990989
1257,0.400481,0.599519
1258,0.204011,0.795989
1259,0.019851,0.980149
1260,0.734132,0.265868
1261,0.696705,0.303295
1262,0.018364,0.981636
1263,0.285894,0.714106
1264,0.141654,0.858346
1265,0.567426,0.432574
1266,0.390006,0.609994
1267,0.814309,0.185691
1268,0.139319,0.860681
1269,0.447336,0.552664
1270,0.443025,0.556975
1271,0.337568,0.662432
1272,0.61175,0.38825
1273,0.220302,0.779698
1274,0.643543,0.356457
1275,0.226563,0.773437
1276,0.299816,0.700184
1277,0.516522,0.483478
1278,0.824314,0.175686
1279,0.435072,0.564928
1280,0.291015,0.708985
1281,0.49129,0.50871
1282,0.85286,0.14714
1283,0.778943,0.221057
1284,0.044389,0.955611
1285,0.759221,0.240779
1286,0.27356,0.72644
1287,0.127261,0.872739
1288,0.072983,0.927017
1289,0.203424,0.796576
1290,0.350872,0.649128
1291,0.865076,0.134924
1292,0.494665,0.505335
1293,0.876675,0.123325
1294,0.061022,0.938978
1295,0.423516,0.576484
1296,0.28714,0.71286
1297,0.472243,0.527757
1298,0.242375,0.757625
1299,0.437936,0.562064
1300,0.883163,0.116837
1301,0.017864,0.982136
1302,0.047416,0.952584
1303,0.526394,0.473606
1304,0.591747,0.408253
1305,0.389326,0.610674
1306,0.970591,0.029409
1307,0.718357,0.281643
1308,0.063505,0.936495
1309,0.143205,0.856795
1310,0.662159,0.337841
1311,0.291261,0.708739
1312,0.376247,0.623753
1313,0.762482,0.237518
1314,0.246376,0.753624
1315,0.891741,0.108259
1316,0.086843,0.913157
1317,0.757924,0.242076
1318,0.068297,0.931703
1319,0.587148,0.412852
1320,0.838653,0.161347
1321,0.105763,0.894237
1322,0.315692,0.684308
1323,0.048485,0.951515
1324,0.504161,0.495839
1325,0.948427,0.051573
1326,0.682426,0.317574
1327,0.000947,0.999053
1328,0.950545,0.049455
1329,0.373509,0.626491
1330,0.720751,0.279249
1331,0.386647,0.613353
1332,0.848652,0.151348
1333,0.648187,0.351813
1334,0.270223,0.729777
1335,0.0302,0.9698
1336,0.520113,0.479887
1337,0.361174,0.638826
1338,0.247258,0.752742
1339,0.1163,0.8837
1340,0.045186,0.954814
1341,0.102145,0.897855
1342,0.055179,0.944821
1343,0.576467,0.423533
1344,0.135437,0.864563
1345,0.098652,0.901348
1346,0.577466,0.422534
1347,0.743821,0.256179
1348,0.98255,0.01745
1349,0.780318,0.219682
1350,0.528655,0.471345
1351,0.244822,0.755178
1352,0.846777,0.153223
1353,0.934337,0.065663
1354,0.271838,0.728162
1355,0.682776,0.317224
1356,0.804302,0.195698
1357,0.199109,0.800891
1358,0.922048,0.077952
1359,0.881908,0.118092
1360,0.896081,0.103919
1361,0.292279,0.707721
1362,0.501306,0.498694
1363,0.737418,0.262582
1364,0.459323,0.540677
1365,0.397366,0.602634
1366,0.434768,0.565232
1367,0.635863,0.364137
1368,0.486066,0.513934
1369,0.486882,0.513118
1370,0.926588,0.073412
1371,0.022319,0.977681
1372,0.179098,0.820902
1373,0.975037,0.024963
1374,0.794981,0.205019
1375,0.994852,0.005148
1376,0.029649,0.970351
1377,0.584024,0.415976
1378,0.21299,0.78701
1379,0.98013,0.01987
1380,0.751611,0.248389
1381,0.834746,0.165254
1382,0.542596,0.457404
1383,0.291416,0.708584
1384,0.472013,0.527987
1385,0.338295,0.661705
1386,0.126688,0.873312
1387,0.402375,0.597625
1388,0.152071,0.847929
1389,0.438556,0.561444
1390,0.666964,0.333036
1391,0.131549,0.868451
1392,0.537449,0.462551
1393,0.414914,0.585086
1394,0.77649,0.22351
1395,0.242419,0.757581
1396,0.025571,0.974429
1397,0.2387,0.7613
1398,0.98118,0.01882
1399,0.456541,0.543459
1400,0.170023,0.829977
1401,0.862562,0.137438
1402,0.184582,0.815418
1403,0.21231,0.78769
1404,0.783684,0.216316
1405,0.007692,0.992308
1406,0.650691,0.349309
1407,0.281645,0.718355
1408,0.320615,0.679385
1409,0.773009,0.226991
1410,0.749016,0.250984
1411,0.632861,0.367139
1412,0.729027,0.270973
1413,0.088177,0.911823
1414,0.620207,0.379793
1415,0.090478,0.909522
1416,0.193673,0.806327
1417,0.99329,0.00671
1418,0.729168,0.270832
1419,0.626685,0.373315
1420,0.710684,0.289316
1421,0.640909,0.359091
1422,0.489824,0.510176
1423,0.538385,0.461615
1424,0.536768,0.463232
1425,0.295344,0.704656
1426,0.113276,0.886724
1427,0.983237,0.016763
1428,0.197979,0.802021
1429,0.109716,0.890284
1430,0.358787,0.641213
1431,0.418944,0.581056
1432,0.665412,0.334588
1433,0.27387,0.72613
1434,0.096338,0.903662
1435,0.17609,0.82391
1436,0.048286,0.951714
1437,0.025765,0.974235
1438,0.925283,0.074717
1439,0.543443,0.456557
1440,0.424613,0.575387
1441,0.807139,0.192861
1442,0.041206,0.958794
1443,0.862865,0.137135
1444,0.815948,0.184052
1445,0.866831,0.133169
1446,0.948298,0.051702
1447,0.741781,0.258219
1448,0.2508,0.7492
1449,0.918086,0.081914
1450,0.833068,0.166932
1451,0.133035,0.866965
1452,0.315828,0.684172
1453,0.30058,0.69942
1454,0.444959,0.555041
1455,0.720454,0.279546
1456,0.598674,0.401326
1457,0.225811,0.774189
1458,0.454152,0.545848
1459,0.942271,0.057729
1460,0.874999,0.125001
1461,0.255649,0.744351
1462,0.163855,0.836145
1463,0.644165,0.355835
1464,0.136991,0.863009
1465,0.54191,0.45809
1466,0.932218,0.067782
1467,0.582327,0.417673
1468,0.10356,0.89644
1469,0.975231,0.024769
1470,0.448654,0.551346
1471,0.326437,0.673563
1472,0.969816,0.030184
1473,0.445996,0.554004
1474,0.832357,0.167643
1475,0.750696,0.249304
1476,0.198429,0.801571
1477,0.633941,0.366059
1478,0.658941,0.341059
1479,0.491316,0.508684
1480,0.83892,0.16108
1481,0.913384,0.086616
1482,0.85895,0.14105
1483,0.441597,0.558403
1484,0.440305,0.559695
1485,0.604766,0.395234
1486,0.532101,0.467899
1487,0.060798,0.939202
1488,0.360456,0.639544
1489,0.990639,0.009361
1490,0.096255,0.903745
1491,0.789019,0.210981
1492,0.36442,0.63558
1493,0.146735,0.853265
1494,0.328847,0.671153
1495,0.912677,0.087323
1496,0.526404,0.473596
1497,0.698108,0.301892
1498,0.560856,0.439144
1499,0.151633,0.848367
1500,0.392454,0.607546
1501,0.8259,0.1741
1502,0.97151,0.02849
1503,0.084339,0.915661
1504,0.45057,0.54943
1505,0.185311,0.814689
1506,0.123114,0.876886
1507,0.876846,0.123154
1508,0.19645,0.80355
1509,0.020553,0.979447
1510,0.733492,0.266508
1511,0.081901,0.918099
1512,0.207884,0.792116
1513,0.151887,0.848113
1514,0.232735,0.767265
1515,0.589701,0.410299
1516,0.379056,0.620944
1517,0.453649,0.546351
1518,0.436709,0.563291
1519,0.133144,0.866856
1520,0.774023,0.225977
1521,0.011769,0.988231
1522,0.802935,0.197065
1523,0.675392,0.324608
1524,0.205825,0.794175
1525,0.890792,0.109208
1526,0.275988,0.724012
1527,0.733709,0.266291
1528,0.287214,0.712786
1529,0.998965,0.001035
1530,0.589643,0.410357
1531,0.235732,0.764268
1532,0.270833,0.729167
1533,0.699808,0.300192
1534,0.079571,0.920429
1535,0.583291,0.416709
1536,0.528985,0.471015
1537,0.210992,0.789008
1538,0.808888,0.191112
1539,0.707606,0.292394
1540,0.480647,0.519353
1541,0.304814,0.695186
1542,0.873621,0.126379
1543,0.80285,0.19715
1544,0.625004,0.374996
1545,0.883295,0.116705
1546,0.907365,0.092635
1547,0.810374,0.189626
1548,0.014723,0.985277
1549,0.402562,0.597438
1550,0.318101,0.681899
1551,0.392711,0.607289
1552,0.054835,0.945165
1553,0.962365,0.037635
1554,0.04273,0.95727
1555,0.316479,0.683521
1556,0.305134,0.694866
1557,0.090487,0.909513
1558,0.654879,0.345121
1559,0.647593,0.352407
1560,0.1297,0.8703
1561,0.122477,0.877523
1562,0.396798,0.603202
1563,0.119696,0.880304
1564,0.995382,0.004618
1565,0.237761,0.762239
1566,0.144484,0.855516
1567,0.080825,0.919175
1568,0.636507,0.363493
1569,0.683321,0.316679
1570,0.009214,0.990786
1571,0.999282,0.000718
1572,0.18561,0.81439
1573,0.557713,0.442287
1574,0.07436,0.92564
1575,0.150344,0.849656
1576,0.185027,0.814973
1577,0.121412,0.878588
1578,0.040694,0.959306
1579,0.472691,0.527309
1580,0.869532,0.130468
1581,0.93595,0.06405
1582,0.070116,0.929884
1583,0.791053,0.208947
1584,0.049708,0.950292
1585,0.552566,0.447434
1586,0.966667,0.033333
1587,0.722466,0.277534
1588,0.565006,0.434994
1589,0.687253,0.312747
1590,0.155589,0.844411
1591,0.726337,0.273663
1592,0.001579,0.998421
1593,0.808977,0.191023
1594,0.393626,0.606374
1595,0.889688,0.110312
1596,0.706887,0.293113
1597,0.995119,0.004881
1598,0.82083,0.17917
1599,0.597729,0.402271
1600,0.217667,0.782333
1601,0.024685,0.975315
1602,0.165807,0.834193
1603,0.31764,0.68236
1604,0.097204,0.902796
1605,0.906074,0.093926
1606,0.515741,0.484259
1607,0.401305,0.598695
1608,0.480408,0.519592
1609,0.599595,0.400405
1610,0.622684,0.377316
1611,0.307283,0.692717
1612,0.21673,0.78327
1613,0.89661,0.10339
1614,0.665836,0.334164
1615,0.164204,0.835796
1616,0.127389,0.872611
1617,0.297604,0.702396
1618,0.409602,0.590398
1619,0.764924,0.235076
1620,0.826636,0.173364
1621,0.282966,0.717034
1622,0.653714,0.346286
1623,0.844931,0.155069
1624,0.69792,0.30208
1625,0.830169,0.169831
1626,0.339441,0.660559
1627,0.097391,0.902609
1628,0.799217,0.200783
1629,0.10221,0.89779
1630,0.405055,0.594945
1631,0.90633,0.09367
1632,0.422606,0.577394
1633,0.692402,0.307598
1634,0.759325,0.240675
1635,0.618649,0.381351
1636,0.843721,0.156279
1637,0.987813,0.012187
1638,0.752786,0.247214
1639,0.043373,0.956627
1640,0.803747,0.196253
1641,0.580629,0.419371
1642,0.905621,0.094379
1643,0.413805,0.586195
1644,0.234195,0.765805
1645,0.878901,0.121099
1646,0.95613,0.04387
1647,0.106352,0.893648
1648,0.99453,0.00547
1649,0.546296,0.453704
1650,0.72538,0.27462
1651,0.625768,0.374232
1652,0.593561,0.406439
1653,0.436977,0.563023
1654,0.484245,0.515755
1655,0.704293,0.295707
1656,0.793476,0.206524
1657,0.388212,0.611788
1658,0.334515,0.665485
1659,0.174183,0.825817
1660,0.023654,0.976346
1661,0.140858,0.859142
1662,0.140667,0.859333
1663,0.003264,0.996736
1664,0.493546,0.506454
1665,0.145839,0.854161
1666,0.415413,0.584587
1667,0.759754,0.240246
1668,0.854029,0.145971
1669,0.840411,0.159589
1670,0.305456,0.694544
1671,0.427179,0.572821
1672,0.287735,0.712265
1673,0.766752,0.233248
1674,0.31202,0.68798
1675,0.411472,0.588528
1676,0.422307,0.577693
1677,0.516918,0.483082
1678,0.43595,0.56405
1679,0.846494,0.153506
1680,0.091546,0.908454
1681,0.458269,0.541731
1682,0.419345,0.580655
1683,0.450023,0.549977
1684,0.130402,0.869598
1685,0.684034,0.315966
1686,0.024833,0.975167
1687,0.77944,0.22056
1688,0.769238,0.230762
1689,0.783944,0.216056
1690,0.924168,0.075832
1691,0.186941,0.813059
1692,0.279651,0.720349
1693,0.813078,0.186922
1694,0.707947,0.292053
1695,0.912248,0.087752
1696,0.857242,0.142758
1697,0.768211,0.231789
1698,0.31933,0.68067
1699,0.321963,0.678037
1700,0.938036,0.061964